{"source": "fallback-diurnal-curve", "fetched_at": "2026-03-26T13:27:12.889711Z", "busy_by_restaurant_and_hour": {"Lazeez Shawarma Waterloo": {"0": 17.076739060783122, "1": 14.096985262240215, "2": 13.466944027131, "3": 13.261615030574132, "4": 17.19678359746247, "5": 16.536276321805417, "6": 18.688761648563737, "7": 20.577787023934064, "8": 31.818566508067953, "9": 48.89776912340905, "10": 67.27403306909355, "11": 74.84575880827619, "12": 71.8772970042154, "13": 62.16461336006433, "14": 55.47234496421221, "15": 61.111260021451315, "16": 73.56034692597461, "17": 90.68996352903922, "18": 96.0379189818308, "19": 88.55415754463893, "20": 80.47075105620304, "21": 69.0128868981763, "22": 56.480908598890444, "23": 17.208386239808128}, "The Cactus Mexican Restaurant": {"0": 10.790245243045497, "1": 15.29492551859484, "2": 13.832482944475101, "3": 15.054656589783622, "4": 14.60458659580408, "5": 13.533279376109606, "6": 16.586810159350645, "7": 14.609958296803168, "8": 20.081482887731582, "9": 30.93355079988357, "10": 43.40057637958017, "11": 58.51993671330174, "12": 63.42102765350427, "13": 60.89009762405891, "14": 48.801955735054385, "15": 45.66665594395285, "16": 50.65162177307378, "17": 60.784705370657434, "18": 73.18445016336251, "19": 77.47477202920064, "20": 75.24931880891496, "21": 69.22897060107735, "22": 58.652572899610576, "23": 48.40859574650448}, "Ken Sushi House": {"0": 14.90370428389219, "1": 14.794081185808238, "2": 11.121383805750675, "3": 14.504663007991216, "4": 13.91446447056358, "5": 12.271484873059599, "6": 14.024182812894654, "7": 14.519084151069476, "8": 23.044169614272228, "9": 31.144503399369718, "10": 42.567486917599034, "11": 57.35502366810412, "12": 66.86792800080828, "13": 59.179018317222436, "14": 55.3411834490372, "15": 50.858371739315736, "16": 53.21983331465124, "17": 63.01697457249356, "18": 80.0000793412096, "19": 83.19111876601347, "20": 80.68808455499482, "21": 69.19124789440613, "22": 61.63241460733108, "23": 53.29345651243713}, "Gol's Lanzhou Noodle Waterloo": {"0": 14.232129899310607, "1": 14.1228122190386, "2": 16.013340348136307, "3": 14.238525406926676, "4": 16.275829528763385, "5": 18.667055157648477, "6": 17.560106230733588, "7": 21.726081438390107, "8": 37.27540668971032, "9": 50.60876983161502, "10": 64.27312367845344, "11": 71.83444222617767, "12": 68.30868605826969, "13": 61.78145936750831, "14": 57.76288906629024, "15": 61.009538177791796, "16": 72.3462317005415, "17": 87.85113654634684, "18": 97.55499065405992, "19": 90.8602398399134, "20": 83.84135858690252, "21": 72.5797167247572, "22": 55.315302124730785, "23": 16.967165205632305}, "iPotato": {"0": 60.402789723934646, "1": 17.429289939898673, "2": 14.858765156318668, "3": 14.578913578956954, "4": 13.76896700353385, "5": 12.856625997406127, "6": 17.27713187874401, "7": 17.780188991311242, "8": 21.19807455353617, "9": 25.243620264130527, "10": 34.719583517610175, "11": 48.755167656940706, "12": 68.22538287537374, "13": 77.43513592904247, "14": 71.4865376767317, "15": 59.89232518022415, "16": 55.88000779227522, "17": 60.13308786021283, "18": 78.52406012574976, "19": 92.08600819908715, "20": 98.14646542541914, "21": 92.29294876134503, "22": 81.85214662519299, "23": 68.87337861223554}, "Bao Sandwich Bar": {"0": 12.820128117579863, "1": 12.82865724475201, "2": 14.787751661635516, "3": 11.858068844823446, "4": 15.79255214148549, "5": 16.39493061185044, "6": 17.837296454999006, "7": 16.897562538138963, "8": 19.279945107382694, "9": 32.487949653712995, "10": 49.162743946891865, "11": 59.346118587612615, "12": 68.71555218062349, "13": 65.60218981690491, "14": 58.890439098385194, "15": 54.07444019411402, "16": 58.058629531512146, "17": 70.06875981745077, "18": 82.70894723047469, "19": 86.3576268851909, "20": 84.41449205293297, "21": 73.73282268593812, "22": 67.14353874292193, "23": 53.265856379020946}, "Kabob Shack": {"0": 12.894102359542071, "1": 14.395617043247071, "2": 12.248300682951179, "3": 12.203935692555415, "4": 11.402757538348343, "5": 15.217072469898255, "6": 14.47368750883104, "7": 23.18293552520939, "8": 32.55211971454819, "9": 42.233342403604475, "10": 57.5744411868109, "11": 67.09542551904548, "12": 60.909233147187905, "13": 51.878241617396995, "14": 52.25988372922447, "15": 54.91818477576129, "16": 66.283947038519, "17": 80.20724493027954, "18": 85.6777493736172, "19": 78.52478776953652, "20": 69.39197891397278, "21": 62.00115164733259, "22": 51.170229981075344, "23": 13.667724044035879}, "Fresh Burrito": {"0": 60.611904443581984, "1": 16.907920725576645, "2": 13.394533235530396, "3": 17.400341912259076, "4": 17.836751518193985, "5": 13.70617514669614, "6": 14.308974361712995, "7": 16.901647614349304, "8": 16.45533303744039, "9": 22.091755218831462, "10": 34.916489834171436, "11": 54.05241988988561, "12": 65.83510267430417, "13": 78.2490735146573, "14": 74.53902870816356, "15": 60.117707736664265, "16": 58.312575505457254, "17": 63.24498310752033, "18": 73.91306078250695, "19": 88.31769232818263, "20": 98.44559315774028, "21": 91.35321296624953, "22": 82.46288184100526, "23": 72.04977743856861}, "Mimo Thai Kitchen": {"0": 14.628765973951303, "1": 13.654086439013371, "2": 15.985902078276224, "3": 19.22050531479237, "4": 18.485189366784997, "5": 16.03036861725104, "6": 20.50219005740579, "7": 26.286877396386735, "8": 38.17824042127539, "9": 54.74829321194544, "10": 70.90526459592249, "11": 77.44791650198653, "12": 73.46488111323622, "13": 62.26086796502404, "14": 60.998588836691134, "15": 62.764846207784196, "16": 78.6298516873201, "17": 91.51294973087116, "18": 100.0, "19": 98.98808205863082, "20": 86.37081236237358, "21": 72.24915819541343, "22": 62.009808376433476, "23": 18.74898297450814}, "Burgers Priest Waterloo": {"0": 14.109634244897356, "1": 11.469747807512444, "2": 10.779584114681448, "3": 15.416133028904405, "4": 11.64038659409067, "5": 14.157454099947657, "6": 15.87901020514011, "7": 19.057712458128815, "8": 29.126838242766595, "9": 42.336240555280405, "10": 58.31125136655466, "11": 60.45996258403022, "12": 60.275115533296635, "13": 49.36778986087248, "14": 46.13116459258433, "15": 52.34964400232602, "16": 61.37942294826814, "17": 72.82648788070834, "18": 80.46335891951034, "19": 73.13787000931977, "20": 67.37943305236735, "21": 61.771889356373215, "22": 51.599601953445294, "23": 10.497911053004186}, "Pho Vietnam K&W": {"0": 11.503934592986237, "1": 12.80326098535187, "2": 11.122129623647481, "3": 12.176914955827687, "4": 12.43598251185457, "5": 13.448271183177127, "6": 14.527010733384737, "7": 14.733557760842428, "8": 23.41950479246312, "9": 31.894109236895215, "10": 44.47647976935777, "11": 59.48651845724062, "12": 65.66388137789728, "13": 64.50805506039147, "14": 51.09590689859171, "15": 51.35562594505905, "16": 52.46414254970431, "17": 68.03677399595391, "18": 79.06868307461453, "19": 80.81995927823883, "20": 78.16628561588266, "21": 69.26426896407037, "22": 60.768189612574034, "23": 52.171453640647165}, "Coney Island Waterloo": {"0": 61.69735547411889, "1": 19.020127542097256, "2": 18.664746369154635, "3": 14.142125149543649, "4": 16.131999304474395, "5": 15.268594140312189, "6": 13.742444564237411, "7": 18.890617643032453, "8": 20.0839903053798, "9": 23.39653106024136, "10": 37.80967354362313, "11": 53.91645686890262, "12": 70.32604707806736, "13": 76.1148184004047, "14": 72.37158162289005, "15": 67.0025792042254, "16": 61.81861417850198, "17": 65.4650626152561, "18": 81.50266824392799, "19": 94.40811937228563, "20": 98.1820554392181, "21": 93.93022637428784, "22": 84.76005330289632, "23": 77.0640084246326}, "Lancaster Smokehouse (Kitchener)": {"0": 18.726114358307697, "1": 14.593232783886279, "2": 14.832128262609109, "3": 13.969402866732139, "4": 18.144260611480814, "5": 19.30274188710245, "6": 18.402833580818076, "7": 25.16631632304042, "8": 33.729408717248134, "9": 55.35979769075854, "10": 71.8574284442769, "11": 80.69608299702027, "12": 75.63052532472167, "13": 65.99560560818153, "14": 55.62871763176805, "15": 65.606563561539,