{
  "hour_sin": {
    "mean": 0.00010527605765301774,
    "std": 0.7071128980475574
  },
  "hour_cos": {
    "mean": 8.078116022514528e-05,
    "std": 0.7071006538213408
  },
  "dow_sin": {
    "mean": 0.0039185347592245795,
    "std": 0.707448920222258
  },
  "dow_cos": {
    "mean": -0.002947340591624396,
    "std": 0.7067474700156567
  },
  "is_peak": {
    "mean": 0.33328,
    "std": 0.47138566221595174
  },
  "precip_mm": {
    "mean": 0.09415400000000002,
    "std": 0.4153832268096131
  },
  "temp_celsius": {
    "mean": 8.237142,
    "std": 11.71460788482761
  },
  "distance_km": {
    "mean": 2.862908111568985,
    "std": 1.9412032954282545
  },
  "restaurant_rating": {
    "mean": 4.144785805733677,
    "std": 0.3469016619219617
  },
  "restaurant_review_count": {
    "mean": 331.68786,
    "std": 366.76325457896394
  },
  "restaurant_busy_score": {
    "mean": 48.329545114870804,
    "std": 27.857991994204976
  },
  "eta_initial_minutes": {
    "mean": 76.08726,
    "std": 26.170342866396318
  },
  "peak_rain": {
    "mean": 0.033642,
    "std": 0.22220534710130332
  },
  "distance_peak": {
    "mean": 0.9673738293046579,
    "std": 1.7669278648697069
  },
  "rating_reviews_log": {
    "mean": 22.413806806576684,
    "std": 4.150758360954926
  },
  "eta_suspicion": {
    "mean": 39.99764199686771,
    "std": 30.69760342178738
  }
}